Method,Family,Successful Runs,Median Runtime,Mean Runtime,Std Runtime
SAT-Pairwise,SAT,5,0.011546875000931323,0.011034891614690423,0.0016615162901803674
SAT-Binary,SAT,5,0.21248962497338653,0.22239100800361483,0.04807044963144507
SAT-Sequential,SAT,5,0.023522541974671185,0.02739435019902885,0.007836030331896036
SAT-Commander,SAT,5,0.1928506669937633,0.19667994159972296,0.02954047291785351
SAT-Product,SAT,5,0.5150816249661148,0.5330008747871033,0.09478744557038854
OR-Tools CP-SAT,CP-SAT,5,0.01605958299478516,0.018993557989597322,0.004345734545484208
Gurobi MIP,MIP,5,0.006826708966400474,0.006938150397036225,0.001702167004764297
IBM CPLEX MIP,MIP,5,0.030993458000011742,0.029703466803766787,0.008338427549250339
IBM CP Optimizer,CP,5,0.020527582964859903,0.019240308401640503,0.005415204899587658
