Method,N=100 Median,N=200 Median,Runtime Ratio,N=200 Status
SAT-Binary,0.2310160840279422,0.8146930419607088,3.526564158459932,SAT
SAT-Pairwise,1.1475288749788888,,,NOT_RUN_RESOURCE_POLICY
SAT-Sequential,58.07746233296348,,,TIMEOUT
SAT-Commander,3.1432054580072872,0.4406805000035092,0.140200984597071,SAT
SAT-Product,0.6201635830220766,0.6272927080281079,1.0114955556907919,SAT
OR-Tools CP-SAT,0.8077845830121078,3.6721694999723695,4.545976213459533,SAT
IBM CP Optimizer,0.1533812910201959,,,LICENSE_ERROR
Gurobi MIP,,,,BLOCKED_LICENSE
IBM CPLEX MIP,,,,BLOCKED_LICENSE
