Method,N,Planned Runs,Successful Runs,Timeout Runs,License Blocked Runs,Error Runs
SAT-Pairwise,4,5,5,0,0,0
SAT-Pairwise,8,5,5,0,0,0
SAT-Pairwise,16,5,5,0,0,0
SAT-Pairwise,20,5,5,0,0,0
SAT-Pairwise,31,5,5,0,0,0
SAT-Pairwise,32,5,5,0,0,0
SAT-Pairwise,40,5,5,0,0,0
SAT-Pairwise,44,5,5,0,0,0
SAT-Pairwise,50,5,5,0,0,0
SAT-Pairwise,64,5,5,0,0,0
SAT-Pairwise,100,5,5,0,0,0
SAT-Binary,4,5,5,0,0,0
SAT-Binary,8,5,5,0,0,0
SAT-Binary,16,5,5,0,0,0
SAT-Binary,20,5,5,0,0,0
SAT-Binary,31,5,5,0,0,0
SAT-Binary,32,5,5,0,0,0
SAT-Binary,40,5,5,0,0,0
SAT-Binary,44,5,5,0,0,0
SAT-Binary,50,5,5,0,0,0
SAT-Binary,64,5,5,0,0,0
SAT-Binary,100,5,5,0,0,0
SAT-Sequential,4,5,5,0,0,0
SAT-Sequential,8,5,5,0,0,0
SAT-Sequential,16,5,5,0,0,0
SAT-Sequential,20,5,5,0,0,0
SAT-Sequential,31,5,5,0,0,0
SAT-Sequential,32,5,5,0,0,0
SAT-Sequential,40,5,5,0,0,0
SAT-Sequential,44,5,5,0,0,0
SAT-Sequential,50,5,5,0,0,0
SAT-Sequential,64,5,5,0,0,0
SAT-Sequential,100,5,5,0,0,0
SAT-Commander,4,5,5,0,0,0
SAT-Commander,8,5,5,0,0,0
SAT-Commander,16,5,5,0,0,0
SAT-Commander,20,5,5,0,0,0
SAT-Commander,31,5,5,0,0,0
SAT-Commander,32,5,5,0,0,0
SAT-Commander,40,5,5,0,0,0
SAT-Commander,44,5,5,0,0,0
SAT-Commander,50,5,5,0,0,0
SAT-Commander,64,5,5,0,0,0
SAT-Commander,100,5,5,0,0,0
SAT-Product,4,5,5,0,0,0
SAT-Product,8,5,5,0,0,0
SAT-Product,16,5,5,0,0,0
SAT-Product,20,5,5,0,0,0
SAT-Product,31,5,5,0,0,0
SAT-Product,32,5,5,0,0,0
SAT-Product,40,5,0,5,0,0
SAT-Product,44,5,0,5,0,0
SAT-Product,50,5,0,5,0,0
SAT-Product,64,5,0,5,0,0
SAT-Product,100,5,5,0,0,0
OR-Tools CP-SAT,4,5,5,0,0,0
OR-Tools CP-SAT,8,5,5,0,0,0
OR-Tools CP-SAT,16,5,5,0,0,0
OR-Tools CP-SAT,20,5,5,0,0,0
OR-Tools CP-SAT,31,5,5,0,0,0
OR-Tools CP-SAT,32,5,5,0,0,0
OR-Tools CP-SAT,40,5,5,0,0,0
OR-Tools CP-SAT,44,5,5,0,0,0
OR-Tools CP-SAT,50,5,5,0,0,0
OR-Tools CP-SAT,64,5,5,0,0,0
OR-Tools CP-SAT,100,5,5,0,0,0
Gurobi MIP,4,5,5,0,0,0
Gurobi MIP,8,5,5,0,0,0
Gurobi MIP,16,5,5,0,0,0
Gurobi MIP,20,5,5,0,0,0
Gurobi MIP,31,5,5,0,0,0
Gurobi MIP,32,5,5,0,0,0
Gurobi MIP,40,5,5,0,0,0
Gurobi MIP,44,5,5,0,0,0
Gurobi MIP,50,5,0,0,5,0
Gurobi MIP,64,5,0,0,5,0
Gurobi MIP,100,5,0,0,5,0
IBM CPLEX MIP,4,5,5,0,0,0
IBM CPLEX MIP,8,5,5,0,0,0
IBM CPLEX MIP,16,5,5,0,0,0
IBM CPLEX MIP,20,5,5,0,0,0
IBM CPLEX MIP,31,5,5,0,0,0
IBM CPLEX MIP,32,5,0,0,5,0
IBM CPLEX MIP,40,5,0,0,5,0
IBM CPLEX MIP,44,5,0,0,5,0
IBM CPLEX MIP,50,5,0,0,5,0
IBM CPLEX MIP,64,5,0,0,5,0
IBM CPLEX MIP,100,5,0,0,5,0
IBM CP Optimizer,4,5,5,0,0,0
IBM CP Optimizer,8,5,5,0,0,0
IBM CP Optimizer,16,5,5,0,0,0
IBM CP Optimizer,20,5,5,0,0,0
IBM CP Optimizer,31,5,5,0,0,0
IBM CP Optimizer,32,5,5,0,0,0
IBM CP Optimizer,40,5,5,0,0,0
IBM CP Optimizer,44,5,5,0,0,0
IBM CP Optimizer,50,5,5,0,0,0
IBM CP Optimizer,64,5,5,0,0,0
IBM CP Optimizer,100,5,5,0,0,0
