method_id,n,runs_planned,runs_executed,successful_runs,timeout_runs,license_blocked_runs,error_runs,success_rate,mean_time,median_time,std_time,min_time,max_time
cp_sat,4,1,1,1,0,0,0,1.0,0.0021392920170910656,0.0021392920170910656,,0.0021392920170910656,0.0021392920170910656
cplex_cp,4,1,1,1,0,0,0,1.0,0.02602450002450496,0.02602450002450496,,0.02602450002450496,0.02602450002450496
cplex_mip,4,1,1,1,0,0,0,1.0,0.016335041960701346,0.016335041960701346,,0.016335041960701346,0.016335041960701346
gurobi_mip,4,1,1,1,0,0,0,1.0,0.0011425000266171992,0.0011425000266171992,,0.0011425000266171992,0.0011425000266171992
sat_binary,4,1,1,1,0,0,0,1.0,0.00020716700237244368,0.00020716700237244368,,0.00020716700237244368,0.00020716700237244368
sat_commander,4,1,1,1,0,0,0,1.0,0.0005086670280434191,0.0005086670280434191,,0.0005086670280434191,0.0005086670280434191
sat_pairwise,4,1,1,1,0,0,0,1.0,0.0001830830005928874,0.0001830830005928874,,0.0001830830005928874,0.0001830830005928874
sat_product,4,1,1,1,0,0,0,1.0,0.00026037503266707063,0.00026037503266707063,,0.00026037503266707063,0.00026037503266707063
sat_sequential,4,1,1,1,0,0,0,1.0,0.0002185420016758144,0.0002185420016758144,,0.0002185420016758144,0.0002185420016758144
cp_sat,8,1,1,1,0,0,0,1.0,0.003522499988321215,0.003522499988321215,,0.003522499988321215,0.003522499988321215
cplex_cp,8,1,1,1,0,0,0,1.0,0.024384542019106448,0.024384542019106448,,0.024384542019106448,0.024384542019106448
cplex_mip,8,1,1,1,0,0,0,1.0,0.01789887499762699,0.01789887499762699,,0.01789887499762699,0.01789887499762699
gurobi_mip,8,1,1,1,0,0,0,1.0,0.0011465829447843134,0.0011465829447843134,,0.0011465829447843134,0.0011465829447843134
sat_binary,8,1,1,1,0,0,0,1.0,0.0006483750184997916,0.0006483750184997916,,0.0006483750184997916,0.0006483750184997916
sat_commander,8,1,1,1,0,0,0,1.0,0.0006230410072021186,0.0006230410072021186,,0.0006230410072021186,0.0006230410072021186
sat_pairwise,8,1,1,1,0,0,0,1.0,0.000543291971553117,0.000543291971553117,,0.000543291971553117,0.000543291971553117
sat_product,8,1,1,1,0,0,0,1.0,0.000712667009793222,0.000712667009793222,,0.000712667009793222,0.000712667009793222
sat_sequential,8,1,1,1,0,0,0,1.0,0.0005547090549953282,0.0005547090549953282,,0.0005547090549953282,0.0005547090549953282
cp_sat,16,1,1,1,0,0,0,1.0,0.012855875014793128,0.012855875014793128,,0.012855875014793128,0.012855875014793128
cplex_cp,16,1,1,1,0,0,0,1.0,0.013191709003876895,0.013191709003876895,,0.013191709003876895,0.013191709003876895
cplex_mip,16,1,1,1,0,0,0,1.0,0.021201041992753744,0.021201041992753744,,0.021201041992753744,0.021201041992753744
gurobi_mip,16,1,1,1,0,0,0,1.0,0.008098916034214199,0.008098916034214199,,0.008098916034214199,0.008098916034214199
sat_binary,16,1,1,1,0,0,0,1.0,0.0931709170108661,0.0931709170108661,,0.0931709170108661,0.0931709170108661
sat_commander,16,1,1,1,0,0,0,1.0,0.043161290988791734,0.043161290988791734,,0.043161290988791734,0.043161290988791734
sat_pairwise,16,1,1,1,0,0,0,1.0,0.01471016596769914,0.01471016596769914,,0.01471016596769914,0.01471016596769914
sat_product,16,1,1,1,0,0,0,1.0,0.39411975000984967,0.39411975000984967,,0.39411975000984967,0.39411975000984967
sat_sequential,16,1,1,1,0,0,0,1.0,0.00828929099952802,0.00828929099952802,,0.00828929099952802,0.00828929099952802
cp_sat,20,1,1,1,0,0,0,1.0,0.01239445898681879,0.01239445898681879,,0.01239445898681879,0.01239445898681879
cplex_cp,20,1,1,1,0,0,0,1.0,0.01261075004003942,0.01261075004003942,,0.01261075004003942,0.01261075004003942
cplex_mip,20,1,1,1,0,0,0,1.0,0.01963699999032542,0.01963699999032542,,0.01963699999032542,0.01963699999032542
gurobi_mip,20,1,1,1,0,0,0,1.0,0.004312624980229884,0.004312624980229884,,0.004312624980229884,0.004312624980229884
sat_binary,20,1,1,1,0,0,0,1.0,0.14882920897798613,0.14882920897798613,,0.14882920897798613,0.14882920897798613
sat_commander,20,1,1,1,0,0,0,1.0,0.14933149999706075,0.14933149999706075,,0.14933149999706075,0.14933149999706075
sat_pairwise,20,1,1,1,0,0,0,1.0,0.007854291005060077,0.007854291005060077,,0.007854291005060077,0.007854291005060077
sat_product,20,1,1,1,0,0,0,1.0,0.39365775004262105,0.39365775004262105,,0.39365775004262105,0.39365775004262105
sat_sequential,20,1,1,1,0,0,0,1.0,0.018021458003204316,0.018021458003204316,,0.018021458003204316,0.018021458003204316
cp_sat,31,1,1,1,0,0,0,1.0,0.08211258304072544,0.08211258304072544,,0.08211258304072544,0.08211258304072544
cplex_cp,31,1,1,1,0,0,0,1.0,0.014207999978680164,0.014207999978680164,,0.014207999978680164,0.014207999978680164
cplex_mip,31,1,1,1,0,0,0,1.0,0.025103666994255036,0.025103666994255036,,0.025103666994255036,0.025103666994255036
gurobi_mip,31,1,1,1,0,0,0,1.0,0.017624959000386298,0.017624959000386298,,0.017624959000386298,0.017624959000386298
sat_binary,31,1,1,1,0,0,0,1.0,0.24305795802501962,0.24305795802501962,,0.24305795802501962,0.24305795802501962
sat_commander,31,1,1,1,0,0,0,1.0,0.589161415991839,0.589161415991839,,0.589161415991839,0.589161415991839
sat_pairwise,31,1,1,1,0,0,0,1.0,0.024931374995503575,0.024931374995503575,,0.024931374995503575,0.024931374995503575
sat_product,31,1,1,1,0,0,0,1.0,56.283675833954476,56.283675833954476,,56.283675833954476,56.283675833954476
sat_sequential,31,1,1,1,0,0,0,1.0,0.02868416701676324,0.02868416701676324,,0.02868416701676324,0.02868416701676324
cp_sat,32,1,1,1,0,0,0,1.0,0.029989459028001875,0.029989459028001875,,0.029989459028001875,0.029989459028001875
cplex_cp,32,1,1,1,0,0,0,1.0,0.014740374987013638,0.014740374987013638,,0.014740374987013638,0.014740374987013638
cplex_mip,32,1,0,0,0,1,0,0.0,,,,,
gurobi_mip,32,1,1,1,0,0,0,1.0,0.059663542022462934,0.059663542022462934,,0.059663542022462934,0.059663542022462934
sat_binary,32,1,1,1,0,0,0,1.0,0.0656441249884665,0.0656441249884665,,0.0656441249884665,0.0656441249884665
sat_commander,32,1,1,1,0,0,0,1.0,1.3920585419982672,1.3920585419982672,,1.3920585419982672,1.3920585419982672
sat_pairwise,32,1,1,1,0,0,0,1.0,0.02621191699290648,0.02621191699290648,,0.02621191699290648,0.02621191699290648
sat_product,32,1,1,1,0,0,0,1.0,7.905771374993492,7.905771374993492,,7.905771374993492,7.905771374993492
sat_sequential,32,1,1,1,0,0,0,1.0,0.14005375001579523,0.14005375001579523,,0.14005375001579523,0.14005375001579523
cp_sat,44,1,1,1,0,0,0,1.0,0.06889508297899738,0.06889508297899738,,0.06889508297899738,0.06889508297899738
cplex_cp,44,1,1,1,0,0,0,1.0,0.20926604204578325,0.20926604204578325,,0.20926604204578325,0.20926604204578325
cplex_mip,44,1,0,0,0,1,0,0.0,,,,,
gurobi_mip,44,1,1,1,0,0,0,1.0,0.035729916009586304,0.035729916009586304,,0.035729916009586304,0.035729916009586304
sat_binary,44,1,1,1,0,0,0,1.0,0.050111916032619774,0.050111916032619774,,0.050111916032619774,0.050111916032619774
sat_commander,44,1,1,1,0,0,0,1.0,0.06857404200127348,0.06857404200127348,,0.06857404200127348,0.06857404200127348
sat_pairwise,44,1,1,1,0,0,0,1.0,0.06461641599889845,0.06461641599889845,,0.06461641599889845,0.06461641599889845
sat_product,44,1,1,0,1,0,0,0.0,,,,,
sat_sequential,44,1,1,1,0,0,0,1.0,0.054834041045978665,0.054834041045978665,,0.054834041045978665,0.054834041045978665
cp_sat,50,1,1,1,0,0,0,1.0,0.10871387500083074,0.10871387500083074,,0.10871387500083074,0.10871387500083074
cplex_cp,50,1,1,1,0,0,0,1.0,0.01638033299241215,0.01638033299241215,,0.01638033299241215,0.01638033299241215
cplex_mip,50,1,0,0,0,1,0,0.0,,,,,
gurobi_mip,50,1,0,0,0,1,0,0.0,,,,,
sat_binary,50,1,1,1,0,0,0,1.0,0.05409016698831692,0.05409016698831692,,0.05409016698831692,0.05409016698831692
sat_commander,50,1,1,1,0,0,0,1.0,0.753660749993287,0.753660749993287,,0.753660749993287,0.753660749993287
sat_pairwise,50,1,1,1,0,0,0,1.0,0.1249824590049684,0.1249824590049684,,0.1249824590049684,0.1249824590049684
sat_product,50,1,1,0,1,0,0,0.0,,,,,
sat_sequential,50,1,1,1,0,0,0,1.0,1.9435180830187164,1.9435180830187164,,1.9435180830187164,1.9435180830187164
cp_sat,64,1,1,1,0,0,0,1.0,0.19824970897752792,0.19824970897752792,,0.19824970897752792,0.19824970897752792
cplex_cp,64,1,1,1,0,0,0,1.0,0.017226791998837143,0.017226791998837143,,0.017226791998837143,0.017226791998837143
cplex_mip,64,1,0,0,0,1,0,0.0,,,,,
gurobi_mip,64,1,0,0,0,1,0,0.0,,,,,
sat_binary,64,1,1,1,0,0,0,1.0,0.07634454203071073,0.07634454203071073,,0.07634454203071073,0.07634454203071073
sat_commander,64,1,1,1,0,0,0,1.0,140.51856208301615,140.51856208301615,,140.51856208301615,140.51856208301615
sat_pairwise,64,1,1,1,0,0,0,1.0,0.2483935419586487,0.2483935419586487,,0.2483935419586487,0.2483935419586487
sat_product,64,1,1,0,1,0,0,0.0,,,,,
sat_sequential,64,1,1,1,0,0,0,1.0,44.116468207968865,44.116468207968865,,44.116468207968865,44.116468207968865
cp_sat,100,1,1,1,0,0,0,1.0,0.5155637920252047,0.5155637920252047,,0.5155637920252047,0.5155637920252047
cplex_cp,100,1,1,1,0,0,0,1.0,0.1443385420134291,0.1443385420134291,,0.1443385420134291,0.1443385420134291
cplex_mip,100,1,0,0,0,1,0,0.0,,,,,
gurobi_mip,100,1,0,0,0,1,0,0.0,,,,,
sat_binary,100,1,1,1,0,0,0,1.0,0.2083784579881467,0.2083784579881467,,0.2083784579881467,0.2083784579881467
sat_commander,100,1,1,1,0,0,0,1.0,2.6553287919959985,2.6553287919959985,,2.6553287919959985,2.6553287919959985
sat_pairwise,100,1,1,1,0,0,0,1.0,0.9336930830031633,0.9336930830031633,,0.9336930830031633,0.9336930830031633
sat_product,100,1,1,1,0,0,0,1.0,0.47695341700455174,0.47695341700455174,,0.47695341700455174,0.47695341700455174
sat_sequential,100,1,1,1,0,0,0,1.0,46.57850529102143,46.57850529102143,,46.57850529102143,46.57850529102143
