experiment_id,run_id,method_id,method_family,solver_name,n,repetition,status,native_status,executed,has_solution,valid,queen_count,phase_policy,workers,random_seed,pipeline_total_time,process_wall_time,encoding_time,load_time,search_time,build_time,solve_time,decode_validate_time,primary_variables,auxiliary_variables,total_variables,clauses,linear_constraints,error_category
nqueens_primary_smoke,nqueens_primary_smoke_cplex_mip_n4_r1,cplex_mip,MIP,IBM ILOG CPLEX,4,1,SAT,integer optimal solution,True,True,True,4,,1,0,0.015533083002083004,0.262990000017453,,,,0.013126666017342359,0.002001624961849302,1.5166995581239462e-05,,,16,,18,
nqueens_primary_smoke,nqueens_primary_smoke_sat_commander_n4_r1,sat_commander,SAT,Glucose3,4,1,SAT,,True,True,True,4,solver_default,1,0,0.00020741700427606702,0.03847383300308138,9.587500244379044e-05,5.2540970500558615e-05,1.47090177051723e-05,,6.724998820573092e-05,9.709037840366364e-06,16,20,36,104,,
nqueens_primary_smoke,nqueens_primary_smoke_sat_sequential_n4_r1,sat_sequential,SAT,Glucose3,4,1,SAT,,True,True,True,4,solver_default,1,0,0.00019845797214657068,0.06641641701571643,6.849999772384763e-05,5.808298010379076e-05,2.2499996703118086e-05,,8.058297680690885e-05,1.0666961316019297e-05,16,42,58,116,,
nqueens_primary_smoke,nqueens_primary_smoke_cplex_cp_n4_r1,cplex_cp,CP,IBM CP Optimizer,4,1,SAT,Feasible,True,True,True,4,,1,0,0.010637542000040412,0.25226970901712775,,,,0.0003350419574417174,0.010257709014695138,1.333298860117793e-05,,,,,,
nqueens_primary_smoke,nqueens_primary_smoke_sat_pairwise_n4_r1,sat_pairwise,SAT,Glucose3,4,1,SAT,,True,True,True,4,solver_default,1,0,0.00016562500968575478,0.03715383302187547,5.745800444856286e-05,4.133401671424508e-05,1.429201802238822e-05,,5.56260347366333e-05,9.374984074383974e-06,16,0,16,84,,
nqueens_primary_smoke,nqueens_primary_smoke_gurobi_mip_n4_r1,gurobi_mip,MIP,Gurobi Optimizer,4,1,SAT,OPTIMAL,True,True,True,4,,1,0,0.0009874170063994825,0.04709754098439589,,,,0.0008772920118644834,4.9209047574549913e-05,2.2291962523013353e-05,,,16,,18,
nqueens_primary_smoke,nqueens_primary_smoke_sat_product_n4_r1,sat_product,SAT,Glucose3,4,1,SAT,,True,True,True,4,solver_default,1,0,0.0003202080260962248,0.06622170796617866,0.00010883301729336381,9.037501877173781e-05,3.97919793613255e-05,,0.00013016699813306332,1.4958030078560114e-05,16,68,84,160,,
nqueens_primary_smoke,nqueens_primary_smoke_cp_sat_n4_r1,cp_sat,CP-SAT,OR-Tools CP-SAT,4,1,SAT,OPTIMAL,True,True,True,4,,1,0,0.0021938339923508465,0.2957039999892004,,,,0.00030379201052710414,0.0018391669727861881,1.6874982975423336e-05,,,,,,
nqueens_primary_smoke,nqueens_primary_smoke_sat_binary_n4_r1,sat_binary,SAT,Glucose3,4,1,SAT,,True,True,True,4,solver_default,1,0,0.00021904101595282555,0.038369459041859955,7.97079992480576e-05,5.583401070907712e-05,2.2625026758760214e-05,,7.845903746783733e-05,1.1041993275284767e-05,16,32,48,120,,
nqueens_primary_smoke,nqueens_primary_smoke_cp_sat_n8_r1,cp_sat,CP-SAT,OR-Tools CP-SAT,8,1,SAT,OPTIMAL,True,True,True,8,,1,0,0.005641000054311007,0.2755656250519678,,,,0.0002792500308714807,0.005311832996085286,2.0459003280848265e-05,,,,,,
nqueens_primary_smoke,nqueens_primary_smoke_sat_sequential_n8_r1,sat_sequential,SAT,Glucose3,8,1,SAT,,True,True,True,8,solver_default,1,0,0.0006090410170145333,0.03909037500852719,0.00021566601935774088,0.00017945899162441492,8.579198038205504e-05,,0.00026525097200646996,2.300000051036477e-05,64,210,274,604,,
nqueens_primary_smoke,nqueens_primary_smoke_sat_pairwise_n8_r1,sat_pairwise,SAT,Glucose3,8,1,SAT,,True,True,True,8,solver_default,1,0,0.0005807910347357392,0.0651386670069769,0.00022366602206602693,0.00016404199413955212,7.258396362885833e-05,,0.00023662595776841044,1.4083983842283487e-05,64,0,64,744,,
nqueens_primary_smoke,nqueens_primary_smoke_sat_binary_n8_r1,sat_binary,SAT,Glucose3,8,1,SAT,,True,True,True,8,solver_default,1,0,0.0006285829585976899,0.03948274999856949,0.0002472919877618551,0.00018195802113041282,6.970798131078482e-05,,0.00025166600244119763,2.0167033653706312e-05,64,110,174,728,,
nqueens_primary_smoke,nqueens_primary_smoke_sat_commander_n8_r1,sat_commander,SAT,Glucose3,8,1,SAT,,True,True,True,8,solver_default,1,0,0.000639959005638957,0.048627625044900924,0.0002975420211441815,0.00016029103426262736,7.483398076146841e-05,,0.00023512501502409577,1.7167010810226202e-05,64,90,154,544,,
nqueens_primary_smoke,nqueens_primary_smoke_sat_product_n8_r1,sat_product,SAT,Glucose3,8,1,SAT,,True,True,True,8,solver_default,1,0,0.0006634159944951534,0.03995820798445493,0.00027295801555737853,0.00016987498383969069,9.675003821030259e-05,,0.0002666250220499933,2.054200740531087e-05,64,216,280,704,,
nqueens_primary_smoke,nqueens_primary_smoke_gurobi_mip_n8_r1,gurobi_mip,MIP,Gurobi Optimizer,8,1,SAT,OPTIMAL,True,True,True,8,,1,0,0.0011898329830728471,0.04946208297042176,,,,0.0010154159972444177,8.520798292011023e-05,5.2499992307275534e-05,,,64,,42,
nqueens_primary_smoke,nqueens_primary_smoke_cplex_mip_n8_r1,cplex_mip,MIP,IBM ILOG CPLEX,8,1,SAT,integer optimal solution,True,True,True,8,,1,0,0.015014834003522992,0.28088670899160206,,,,0.012278957990929484,0.002289333031512797,3.1709030736237764e-05,,,64,,42,
nqueens_primary_smoke,nqueens_primary_smoke_cplex_cp_n8_r1,cplex_cp,CP,IBM CP Optimizer,8,1,SAT,Feasible,True,True,True,8,,1,0,0.010879624984227121,0.25205054198158905,,,,0.00039066700264811516,0.010437208984512836,1.3500044587999582e-05,,,,,,
