Method,Status,Success/5,Median Time,Mean Time,Std Time,Peak RAM (MB)
SAT-Binary,SAT,5,0.8146930419607088,0.8113448501680978,0.04501194959830898,288.90625
SAT-Pairwise,NOT_RUN_RESOURCE_POLICY,0,,,,
SAT-Sequential,TIMEOUT,0,,,,649.453125
SAT-Commander,SAT,5,0.4406805000035092,0.4568087917868979,0.03181183819864045,146.203125
SAT-Product,SAT,5,0.6272927080281079,0.6496565084089525,0.052458821507430926,165.125
OR-Tools CP-SAT,SAT,5,3.6721694999723695,3.8230178997968323,0.3318176075533119,259.734375
IBM CP Optimizer,LICENSE_ERROR,0,,,,87.0625
Gurobi MIP,BLOCKED_LICENSE,0,,,,
IBM CPLEX MIP,BLOCKED_LICENSE,0,,,,
